{"cameraMode":{"drawMode":0,"name":"Shaded","section":"Shading Mode"},"sceneLighting":true,"audioPlay":false,"sceneViewState":{"showFog":true,"showMaterialUpdate":false,"showSkybox":false,"showFlares":true,"showImageEffects":true,"showParticleSystems":true},"in2DMode":false,"pivot":{"x":104.6799087524414,"y":1.7000389099121094,"z":38.974754333496097},"rotation":{"x":0.10685490816831589,"y":-0.5910924673080444,"z":0.07937922328710556,"w":0.795560359954834},"size":60.01556396484375,"orthographic":false}